order_id,category
1,"Fourth Category"
2,"Fourth Category"
3,"Fourth Category"
4,"Fourth Category"
5,"Fourth Category"
6,"Fourth Category"
7,"Fourth Category"
8,"Fourth Category"
9,"Fourth Category"
10,"Fourth Category"
11,"Fourth Category"
12,"Fourth Category"
13,"Fourth Category"
14,"Fourth Category"
15,"Fourth Category"
16,"Fourth Category"
17,"Fourth Category"
18,"Fourth Category"
19,"Fourth Category"
20,"Fourth Category"
21,"Fourth Category"
22,"Fourth Category"
23,"Fourth Category"
24,"Fourth Category"
25,"Fourth Category"
26,"Fourth Category"
27,"Fourth Category"
28,"Fourth Category"
29,"Fourth Category"
30,"Fourth Category"
31,"Fourth Category"
32,"Fourth Category"
33,"Fourth Category"
34,"Fourth Category"
35,"Fourth Category"
36,"Fourth Category"
37,"Fourth Category"
38,"Fourth Category"
39,"Fourth Category"
40,"Fourth Category"
41,"Fourth Category"
42,"Fourth Category"
43,"Fourth Category"
44,"Fourth Category"
45,"Fourth Category"
46,"Fourth Category"
47,"Fourth Category"
48,"Fourth Category"
49,"Fourth Category"
50,"Fourth Category"
51,"Fourth Category"
52,"Fourth Category"
53,"Fourth Category"
54,"Fourth Category"
55,"Fourth Category"
56,"Fourth Category"
57,"Fourth Category"
58,"Fourth Category"
59,"Fourth Category"
60,"Fourth Category"
61,"Fourth Category"
62,"Fourth Category"
63,"Fourth Category"
64,"Fourth Category"
65,"Fourth Category"
66,"Fourth Category"
67,"Fourth Category"
68,"Fourth Category"
69,"Fourth Category"
71,"Fourth Category"
72,"Fourth Category"
73,"Fourth Category"
74,"Fourth Category"
75,"Fourth Category"
77,"Fourth Category"
78,"Fourth Category"
79,"Fourth Category"
80,"Fourth Category"
81,"Fourth Category"
82,"Fourth Category"
83,"Fourth Category"
84,"Fourth Category"
85,"Fourth Category"
86,"Fourth Category"
87,"Fourth Category"
88,"Fourth Category"
89,"Fourth Category"
90,"Fourth Category"
91,"Fourth Category"
92,"Fourth Category"
93,"Fourth Category"
94,"Fourth Category"
95,"Fourth Category"
96,"Fourth Category"
97,"Fourth Category"
98,"Fourth Category"
99,"Fourth Category"
100,"Fourth Category"
101,"Fourth Category"
102,"Fourth Category"
103,"Fourth Category"
104,"Fourth Category"
105,"Fourth Category"
106,"Fourth Category"
107,"Fourth Category"
108,"Fourth Category"
109,"Fourth Category"
110,"Fourth Category"
111,"Fourth Category"
112,"Fourth Category"
113,"Fourth Category"
114,"Fourth Category"
115,"Fourth Category"
116,"Fourth Category"
117,"Fourth Category"
118,"Fourth Category"
119,"Fourth Category"
120,"Fourth Category"
121,"Fourth Category"
122,"Fourth Category"
123,"Fourth Category"
124,"Fourth Category"
125,"Fourth Category"
126,"Fourth Category"
127,"Fourth Category"
128,"Fourth Category"
129,"Fourth Category"
130,"Fourth Category"
131,"Fourth Category"
132,"Fourth Category"
133,"Fourth Category"
134,"Fourth Category"
135,"Fourth Category"
136,"Fourth Category"
137,"Fourth Category"
138,"Fourth Category"
139,"Fourth Category"
140,"Fourth Category"
141,"Fourth Category"
142,"Fourth Category"
143,"Fourth Category"
144,"Fourth Category"
145,"Fourth Category"
146,"Fourth Category"
147,"Fourth Category"
148,"Fourth Category"
149,"Fourth Category"
150,"Fourth Category"
151,"Fourth Category"
152,"Fourth Category"
153,"Fourth Category"
154,"Fourth Category"
155,"Fourth Category"
156,"Fourth Category"
157,"Fourth Category"
159,"Fourth Category"
160,"Fourth Category"
161,"Fourth Category"
162,"Fourth Category"
163,"Fourth Category"
164,"Fourth Category"
165,"Fourth Category"
166,"Fourth Category"
167,"Fourth Category"
168,"Fourth Category"
169,"Fourth Category"
170,"Fourth Category"
171,"Fourth Category"
172,"Fourth Category"
173,"Fourth Category"
174,"Fourth Category"
175,"Fourth Category"
176,"Fourth Category"
177,"Fourth Category"
178,"Fourth Category"
179,"Fourth Category"
180,"Fourth Category"
181,"Fourth Category"
182,"Fourth Category"
183,"Fourth Category"
184,"Fourth Category"
186,"Fourth Category"
187,"Fourth Category"
188,"Fourth Category"
189,"Fourth Category"
190,"Fourth Category"
191,"Fourth Category"
192,"Fourth Category"
193,"Fourth Category"
194,"Fourth Category"
195,"Fourth Category"
196,"Fourth Category"
197,"Fourth Category"
198,"Fourth Category"
199,"Fourth Category"
200,"Fourth Category"
201,"Fourth Category"
202,"Fourth Category"
203,"Fourth Category"
204,"Fourth Category"
205,"Fourth Category"
206,"Fourth Category"
207,"Fourth Category"
208,"Fourth Category"
209,"Fourth Category"
210,"Fourth Category"
211,"Fourth Category"
212,"Fourth Category"
213,"Fourth Category"
214,"Fourth Category"
215,"Fourth Category"
216,"Fourth Category"
217,"Fourth Category"
218,"Fourth Category"
219,"Fourth Category"
220,"Fourth Category"
221,"Fourth Category"
222,"Fourth Category"
223,"Fourth Category"
224,"Fourth Category"
225,"Fourth Category"
226,"Fourth Category"
227,"Fourth Category"
228,"Fourth Category"
229,"Fourth Category"
230,"Fourth Category"
231,"Fourth Category"
232,"Fourth Category"
233,"Fourth Category"
234,"Fourth Category"
235,"Fourth Category"
236,"Fourth Category"
237,"Fourth Category"
238,"Fourth Category"
240,"Fourth Category"
241,"Fourth Category"
242,"Fourth Category"
243,"Fourth Category"
244,"Fourth Category"
245,"Fourth Category"
247,"Fourth Category"
248,"Fourth Category"
249,"Fourth Category"
250,"Fourth Category"
251,"Fourth Category"
252,"Fourth Category"
253,"Fourth Category"
254,"Fourth Category"
255,"Fourth Category"
256,"Fourth Category"
257,"Fourth Category"
258,"Fourth Category"
259,"Fourth Category"
260,"Fourth Category"
261,"Fourth Category"
262,"Fourth Category"
263,"Fourth Category"
265,"Fourth Category"
266,"Fourth Category"
267,"Fourth Category"
268,"Fourth Category"
269,"Fourth Category"
270,"Fourth Category"
271,"Fourth Category"
272,"Fourth Category"
273,"Fourth Category"
274,"Fourth Category"
275,"Fourth Category"
276,"Fourth Category"
277,"Fourth Category"
278,"Fourth Category"
279,"Fourth Category"
280,"Fourth Category"
281,"Fourth Category"
282,"Fourth Category"
283,"Fourth Category"
284,"Fourth Category"
285,"Fourth Category"
286,"Fourth Category"
287,"Fourth Category"
288,"Fourth Category"
289,"Fourth Category"
290,"Fourth Category"
291,"Fourth Category"
292,"Fourth Category"
293,"Fourth Category"
294,"Fourth Category"
295,"Fourth Category"
296,"Fourth Category"
297,"Fourth Category"
298,"Fourth Category"
299,"Fourth Category"
300,"Fourth Category"
301,"Fourth Category"
302,"Fourth Category"
303,"Fourth Category"
304,"Fourth Category"
305,"Fourth Category"
306,"Fourth Category"
307,"Fourth Category"
308,"Fourth Category"
309,"Fourth Category"
310,"Fourth Category"
311,"Fourth Category"
312,"Fourth Category"
313,"Fourth Category"
314,"Fourth Category"
315,"Fourth Category"
316,"Fourth Category"
317,"Fourth Category"
318,"Fourth Category"
319,"Fourth Category"
320,"Fourth Category"
321,"Fourth Category"
322,"Fourth Category"
323,"Fourth Category"
324,"Fourth Category"
325,"Fourth Category"
326,"Fourth Category"
327,"Fourth Category"
328,"Fourth Category"
329,"Fourth Category"
330,"Fourth Category"
331,"Fourth Category"
332,"Fourth Category"
333,"Fourth Category"
334,"Fourth Category"
335,"Fourth Category"
336,"Fourth Category"
337,"Fourth Category"
338,"Fourth Category"
339,"Fourth Category"
340,"Fourth Category"
341,"Fourth Category"
342,"Fourth Category"
343,"Fourth Category"
344,"Fourth Category"
345,"Fourth Category"
346,"Fourth Category"
347,"Fourth Category"
348,"Fourth Category"
351,"Fourth Category"
352,"Fourth Category"
353,"Fourth Category"
354,"Fourth Category"
355,"Fourth Category"
356,"Fourth Category"
358,"Fourth Category"
359,"Fourth Category"
360,"Fourth Category"
361,"Fourth Category"
362,"Fourth Category"
363,"Fourth Category"
364,"Fourth Category"
365,"Fourth Category"
366,"Fourth Category"
367,"Fourth Category"
368,"Fourth Category"
369,"Fourth Category"
370,"Fourth Category"
371,"Fourth Category"
372,"Fourth Category"
373,"Fourth Category"
374,"Fourth Category"
375,"Fourth Category"
376,"Fourth Category"
377,"Fourth Category"
378,"Fourth Category"
379,"Fourth Category"
380,"Fourth Category"
381,"Fourth Category"
382,"Fourth Category"
383,"Fourth Category"
384,"Fourth Category"
385,"Fourth Category"
386,"Fourth Category"
387,"Fourth Category"
388,"Fourth Category"
389,"Fourth Category"
390,"Fourth Category"
392,"Fourth Category"
393,"Fourth Category"
394,"Fourth Category"
395,"Fourth Category"
396,"Fourth Category"
397,"Fourth Category"
398,"Fourth Category"
399,"Fourth Category"
400,"Fourth Category"
401,"Fourth Category"
402,"Fourth Category"
403,"Fourth Category"
404,"Fourth Category"
405,"Fourth Category"
406,"Fourth Category"
408,"Fourth Category"
409,"Fourth Category"
410,"Fourth Category"
411,"Fourth Category"
412,"Fourth Category"
413,"Fourth Category"
414,"Fourth Category"
415,"Fourth Category"
416,"Fourth Category"
417,"Fourth Category"
418,"Fourth Category"
419,"Fourth Category"
420,"Fourth Category"
421,"Fourth Category"
422,"Fourth Category"
423,"Fourth Category"
424,"Fourth Category"
425,"Fourth Category"
426,"Fourth Category"
427,"Fourth Category"
428,"Fourth Category"
429,"Fourth Category"
430,"Fourth Category"
431,"Fourth Category"
432,"Fourth Category"
433,"Fourth Category"
434,"Fourth Category"
435,"Fourth Category"
436,"Fourth Category"
437,"Fourth Category"
438,"Fourth Category"
439,"Fourth Category"
440,"Fourth Category"
441,"Fourth Category"
442,"Fourth Category"
443,"Fourth Category"
444,"Fourth Category"
445,"Fourth Category"
446,"Fourth Category"
447,"Fourth Category"
448,"Fourth Category"
449,"Fourth Category"
450,"Fourth Category"
451,"Fourth Category"
452,"Fourth Category"
453,"Fourth Category"
454,"Fourth Category"
455,"Fourth Category"
456,"Fourth Category"
457,"Fourth Category"
458,"Fourth Category"
459,"Fourth Category"
460,"Fourth Category"
461,"Fourth Category"
462,"Fourth Category"
463,"Fourth Category"
464,"Fourth Category"
465,"Fourth Category"
466,"Fourth Category"
467,"Fourth Category"
468,"Fourth Category"
469,"Fourth Category"
470,"Fourth Category"
471,"Fourth Category"
472,"Fourth Category"
473,"Fourth Category"
474,"Fourth Category"
475,"Fourth Category"
476,"Fourth Category"
477,"Fourth Category"
478,"Fourth Category"
479,"Fourth Category"
480,"Fourth Category"
481,"Fourth Category"
482,"Fourth Category"
483,"Fourth Category"
484,"Fourth Category"
485,"Fourth Category"
486,"Fourth Category"
487,"Fourth Category"
488,"Fourth Category"
489,"Fourth Category"
490,"Fourth Category"
491,"Fourth Category"
492,"Fourth Category"
493,"Fourth Category"
494,"Fourth Category"
495,"Fourth Category"
496,"Fourth Category"
497,"Fourth Category"
498,"Fourth Category"
499,"Fourth Category"
500,"Fourth Category"
501,"Fourth Category"
502,"Fourth Category"
503,"Fourth Category"
504,"Fourth Category"
505,"Fourth Category"
506,"Fourth Category"
507,"Fourth Category"
508,"Fourth Category"
509,"Fourth Category"
510,"Fourth Category"
511,"Fourth Category"
512,"Fourth Category"
513,"Fourth Category"
514,"Fourth Category"
515,"Fourth Category"
516,"Fourth Category"
517,"Fourth Category"
518,"Fourth Category"
519,"Fourth Category"
520,"Fourth Category"
521,"Fourth Category"
522,"Fourth Category"
523,"Fourth Category"
524,"Fourth Category"
525,"Fourth Category"
526,"Fourth Category"
527,"Fourth Category"
528,"Fourth Category"
529,"Fourth Category"
530,"Fourth Category"
531,"Fourth Category"
532,"Fourth Category"
533,"Fourth Category"
534,"Fourth Category"
535,"Fourth Category"
536,"Fourth Category"
537,"Fourth Category"
538,"Fourth Category"
539,"Fourth Category"
540,"Fourth Category"
541,"Fourth Category"
542,"Fourth Category"
543,"Fourth Category"
544,"Fourth Category"
545,"Fourth Category"
546,"Fourth Category"
547,"Fourth Category"
548,"Fourth Category"
550,"Fourth Category"
551,"Fourth Category"
552,"Fourth Category"
553,"Fourth Category"
554,"Fourth Category"
555,"Fourth Category"
556,"Fourth Category"
557,"Fourth Category"
558,"Fourth Category"
559,"Fourth Category"
560,"Fourth Category"
561,"Fourth Category"
562,"Fourth Category"
563,"Fourth Category"
564,"Fourth Category"
565,"Fourth Category"
566,"Fourth Category"
567,"Fourth Category"
568,"Fourth Category"
569,"Fourth Category"
570,"Fourth Category"
571,"Fourth Category"
572,"Fourth Category"
573,"Fourth Category"
574,"Fourth Category"
575,"Fourth Category"
576,"Fourth Category"
577,"Fourth Category"
578,"Fourth Category"
579,"Fourth Category"
580,"Fourth Category"
581,"Fourth Category"
583,"Fourth Category"
584,"Fourth Category"
585,"Fourth Category"
586,"Fourth Category"
587,"Fourth Category"
588,"Fourth Category"
589,"Fourth Category"
590,"Fourth Category"
591,"Fourth Category"
592,"Fourth Category"
593,"Fourth Category"
594,"Fourth Category"
595,"Fourth Category"
596,"Fourth Category"
597,"Fourth Category"
599,"Fourth Category"
600,"Fourth Category"
601,"Fourth Category"
602,"Fourth Category"
603,"Fourth Category"
604,"Fourth Category"
605,"Fourth Category"
606,"Fourth Category"
607,"Fourth Category"
608,"Fourth Category"
609,"Fourth Category"
610,"Fourth Category"
611,"Fourth Category"
612,"Fourth Category"
613,"Fourth Category"
614,"Fourth Category"
615,"Fourth Category"
616,"Fourth Category"
617,"Fourth Category"
618,"Fourth Category"
619,"Fourth Category"
620,"Fourth Category"
621,"Fourth Category"
622,"Fourth Category"
623,"Fourth Category"
624,"Fourth Category"
625,"Fourth Category"
626,"Fourth Category"
627,"Fourth Category"
628,"Fourth Category"
629,"Fourth Category"
630,"Fourth Category"
631,"Fourth Category"
632,"Fourth Category"
633,"Fourth Category"
634,"Fourth Category"
635,"Fourth Category"
636,"Fourth Category"
637,"Fourth Category"
638,"Fourth Category"
639,"Fourth Category"
640,"Fourth Category"
641,"Fourth Category"
642,"Fourth Category"
643,"Fourth Category"
644,"Fourth Category"
645,"Fourth Category"
646,"Fourth Category"
647,"Fourth Category"
648,"Fourth Category"
649,"Fourth Category"
650,"Fourth Category"
651,"Fourth Category"
652,"Fourth Category"
653,"Fourth Category"
654,"Fourth Category"
655,"Fourth Category"
656,"Fourth Category"
657,"Fourth Category"
658,"Fourth Category"
659,"Fourth Category"
660,"Fourth Category"
661,"Fourth Category"
662,"Fourth Category"
663,"Fourth Category"
664,"Fourth Category"
665,"Fourth Category"
666,"Fourth Category"
667,"Fourth Category"
668,"Fourth Category"
669,"Fourth Category"
670,"Fourth Category"
671,"Fourth Category"
672,"Fourth Category"
673,"Fourth Category"
674,"Fourth Category"
675,"Fourth Category"
676,"Fourth Category"
677,"Fourth Category"
678,"Fourth Category"
679,"Fourth Category"
680,"Fourth Category"
681,"Fourth Category"
682,"Fourth Category"
683,"Fourth Category"
684,"Fourth Category"
685,"Fourth Category"
686,"Fourth Category"
687,"Fourth Category"
688,"Fourth Category"
689,"Fourth Category"
690,"Fourth Category"
691,"Fourth Category"
693,"Fourth Category"
694,"Fourth Category"
695,"Fourth Category"
696,"Fourth Category"
697,"Fourth Category"
698,"Fourth Category"
699,"Fourth Category"
700,"Fourth Category"
701,"Fourth Category"
702,"Fourth Category"
703,"Fourth Category"
704,"Fourth Category"
705,"Fourth Category"
706,"Fourth Category"
707,"Fourth Category"
708,"Fourth Category"
709,"Fourth Category"
710,"Fourth Category"
711,"Fourth Category"
712,"Fourth Category"
713,"Fourth Category"
714,"Fourth Category"
716,"Fourth Category"
717,"Fourth Category"
718,"Fourth Category"
719,"Fourth Category"
720,"Fourth Category"
721,"Fourth Category"
722,"Fourth Category"
723,"Fourth Category"
724,"Fourth Category"
725,"Fourth Category"
726,"Fourth Category"
727,"Fourth Category"
728,"Fourth Category"
729,"Fourth Category"
730,"Fourth Category"
731,"Fourth Category"
732,"Fourth Category"
733,"Fourth Category"
734,"Fourth Category"
736,"Fourth Category"
737,"Fourth Category"
738,"Fourth Category"
739,"Fourth Category"
740,"Fourth Category"
741,"Fourth Category"
742,"Fourth Category"
743,"Fourth Category"
744,"Fourth Category"
745,"Fourth Category"
746,"Fourth Category"
747,"Fourth Category"
748,"Fourth Category"
749,"Fourth Category"
750,"Fourth Category"
751,"Fourth Category"
752,"Fourth Category"
753,"Fourth Category"
754,"Fourth Category"
755,"Fourth Category"
756,"Fourth Category"
757,"Fourth Category"
758,"Fourth Category"
759,"Fourth Category"
760,"Fourth Category"
761,"Fourth Category"
762,"Fourth Category"
763,"Fourth Category"
764,"Fourth Category"
765,"Fourth Category"
766,"Fourth Category"
767,"Fourth Category"
768,"Fourth Category"
769,"Fourth Category"
770,"Fourth Category"
771,"Fourth Category"
772,"Fourth Category"
773,"Fourth Category"
774,"Fourth Category"
775,"Fourth Category"
776,"Fourth Category"
777,"Fourth Category"
779,"Fourth Category"
780,"Fourth Category"
781,"Fourth Category"
782,"Fourth Category"
783,"Fourth Category"
784,"Fourth Category"
785,"Fourth Category"
786,"Fourth Category"
787,"Fourth Category"
788,"Fourth Category"
789,"Fourth Category"
790,"Fourth Category"
791,"Fourth Category"
792,"Fourth Category"
793,"Fourth Category"
794,"Fourth Category"
795,"Fourth Category"
796,"Fourth Category"
797,"Fourth Category"
798,"Fourth Category"
799,"Fourth Category"
800,"Fourth Category"
801,"Fourth Category"
802,"Fourth Category"
803,"Fourth Category"
804,"Fourth Category"
805,"Fourth Category"
806,"Fourth Category"
807,"Fourth Category"
808,"Fourth Category"
809,"Fourth Category"
811,"Fourth Category"
812,"Fourth Category"
813,"Fourth Category"
814,"Fourth Category"
815,"Fourth Category"
816,"Fourth Category"
817,"Fourth Category"
818,"Fourth Category"
819,"Fourth Category"
820,"Fourth Category"
821,"Fourth Category"
822,"Fourth Category"
823,"Fourth Category"
824,"Fourth Category"
825,"Fourth Category"
826,"Fourth Category"
827,"Fourth Category"
828,"Fourth Category"
829,"Fourth Category"
830,"Fourth Category"
831,"Fourth Category"
832,"Fourth Category"
833,"Fourth Category"
834,"Fourth Category"
835,"Fourth Category"
836,"Fourth Category"
837,"Fourth Category"
838,"Fourth Category"
839,"Fourth Category"
840,"Fourth Category"
841,"Fourth Category"
842,"Fourth Category"
843,"Fourth Category"
844,"Fourth Category"
845,"Fourth Category"
846,"Fourth Category"
847,"Fourth Category"
848,"Fourth Category"
849,"Fourth Category"
850,"Fourth Category"
851,"Fourth Category"
852,"Fourth Category"
853,"Fourth Category"
854,"Fourth Category"
855,"Fourth Category"
856,"Fourth Category"
857,"Fourth Category"
858,"Fourth Category"
859,"Fourth Category"
860,"Fourth Category"
861,"Fourth Category"
862,"Fourth Category"
863,"Fourth Category"
864,"Fourth Category"
865,"Fourth Category"
866,"Fourth Category"
867,"Fourth Category"
868,"Fourth Category"
869,"Fourth Category"
870,"Fourth Category"
871,"Fourth Category"
872,"Fourth Category"
873,"Fourth Category"
874,"Fourth Category"
875,"Fourth Category"
876,"Fourth Category"
877,"Fourth Category"
878,"Fourth Category"
879,"Fourth Category"
880,"Fourth Category"
881,"Fourth Category"
882,"Fourth Category"
883,"Fourth Category"
884,"Fourth Category"
886,"Fourth Category"
887,"Fourth Category"
888,"Fourth Category"
889,"Fourth Category"
890,"Fourth Category"
891,"Fourth Category"
892,"Fourth Category"
893,"Fourth Category"
894,"Fourth Category"
895,"Fourth Category"
896,"Fourth Category"
897,"Fourth Category"
898,"Fourth Category"
899,"Fourth Category"
900,"Fourth Category"
901,"Fourth Category"
902,"Fourth Category"
903,"Fourth Category"
904,"Fourth Category"
905,"Fourth Category"
906,"Fourth Category"
907,"Fourth Category"
908,"Fourth Category"
909,"Fourth Category"
910,"Fourth Category"
911,"Fourth Category"
912,"Fourth Category"
913,"Fourth Category"
914,"Fourth Category"
915,"Fourth Category"
916,"Fourth Category"
917,"Fourth Category"
918,"Fourth Category"
919,"Fourth Category"
920,"Fourth Category"
921,"Fourth Category"
922,"Fourth Category"
923,"Fourth Category"
925,"Fourth Category"
926,"Fourth Category"
927,"Fourth Category"
928,"Fourth Category"
929,"Fourth Category"
930,"Fourth Category"
931,"Fourth Category"
932,"Fourth Category"
933,"Fourth Category"
934,"Fourth Category"
936,"Fourth Category"
937,"Fourth Category"
938,"Fourth Category"
939,"Fourth Category"
940,"Fourth Category"
941,"Fourth Category"
942,"Fourth Category"
943,"Fourth Category"
944,"Fourth Category"
945,"Fourth Category"
946,"Fourth Category"
947,"Fourth Category"
948,"Fourth Category"
949,"Fourth Category"
950,"Fourth Category"
951,"Fourth Category"
952,"Fourth Category"
953,"Fourth Category"
954,"Fourth Category"
955,"Fourth Category"
956,"Fourth Category"
957,"Fourth Category"
958,"Fourth Category"
959,"Fourth Category"
960,"Fourth Category"
961,"Fourth Category"
962,"Fourth Category"
963,"Fourth Category"
964,"Fourth Category"
965,"Fourth Category"
966,"Fourth Category"
967,"Fourth Category"
968,"Fourth Category"
969,"Fourth Category"
970,"Fourth Category"
971,"Fourth Category"
972,"Fourth Category"
973,"Fourth Category"
974,"Fourth Category"
975,"Fourth Category"
976,"Fourth Category"
977,"Fourth Category"
978,"Fourth Category"
979,"Fourth Category"
980,"Fourth Category"
981,"Fourth Category"
982,"Fourth Category"
983,"Fourth Category"
984,"Fourth Category"
985,"Fourth Category"
986,"Fourth Category"
987,"Fourth Category"
988,"Fourth Category"
989,"Fourth Category"
990,"Fourth Category"
991,"Fourth Category"
992,"Fourth Category"
993,"Fourth Category"
994,"Fourth Category"
995,"Fourth Category"
996,"Fourth Category"
997,"Fourth Category"
998,"Fourth Category"
999,"Fourth Category"
1000,"Fourth Category"
1001,"Fourth Category"
1002,"Fourth Category"
1003,"Fourth Category"
1004,"Fourth Category"
1005,"Fourth Category"
1006,"Fourth Category"
1007,"Fourth Category"
1008,"Fourth Category"
1009,"Fourth Category"
1011,"Fourth Category"
1012,"Fourth Category"
1013,"Fourth Category"
1014,"Fourth Category"
1015,"Fourth Category"
1016,"Fourth Category"
1017,"Fourth Category"
1018,"Fourth Category"
1019,"Fourth Category"
1021,"Fourth Category"
1022,"Fourth Category"
1023,"Fourth Category"
1024,"Fourth Category"
1025,"Fourth Category"
